,Model,Regularization,Alpha_value,R2Score,RMSE,R2Score_Test,RMSE_Test,CrossVal_Mean(r2),CrossVal1(r2),CrossVal2(r2),CrossVal3(r2),CrossVal4(r2),CrossVal5(r2)
0,Baseline,NA,NA,0.9340130537645993,19838.912904397126,0.8486051395773169,34077.08857184756,0.47391264253638055,0.8132201406712424,-0.07398576327541928,0.7428138226661853,0.02033232430578602,0.8671826883141078
